sequence,round_1,round_2,round_3,round_4,round_5
GGTTGGTGTGGTTGG,3,8,35,120,360
AGTCCGTGGTAGGGCAGGTTGGGGTGACT,5,12,40,115,280
CGACGTAGCTTGCATGATCGTAACGATCTGAGCTTAGCGC,30,28,22,16,10
GCTTAGCGATCGTTAGCGATCGATCGTAACGATCG,20,19,17,16,15
ACGTACGTTGCACTGACGTAGCTAGCTAGT,10,11,12,11,10
TGCATCGTAGCTAGTTCGATGCTAGTCGAT,2,5,12,35,90
CGTACGATCGTTCGATCGATCGTAGCTAAC,50,30,18,8,4
ATGCGTACGTAGCTAGATCGTACGATCGTA,1,2,5,16,45
GATCGTAGCTAGCTAACGTTCGATCGTACG,4,6,9,13,19
CTAGCTAGCATCGATCGTACGTAGCTAGCA,8,7,6,5,4
TACGATCGTAGCTAGCTAGCATCGATGCAT,3,4,8,20,55
GCGTACGATCGTAGCTAGCTAGCATCGTAA,15,14,13,13,12
